                  epoch,         train/box_loss,         train/cls_loss,         train/dfl_loss,   metrics/precision(B),      metrics/recall(B),       metrics/mAP50(B),    metrics/mAP50-95(B),           val/box_loss,           val/cls_loss,           val/dfl_loss,                 lr/pg0,                 lr/pg1,                 lr/pg2
                      0,                 1.6444,                 2.6013,                 1.7475,                0.81945,                0.23714,                0.25344,                0.15658,                 1.2725,                 3.2918,                 1.6476,                 0.0838,                 0.0018,                 0.0018
                      1,                 1.3136,                  1.473,                 1.5459,                0.61685,                0.51581,                0.57639,                 0.3261,                 1.2923,                 1.4507,                 1.4962,               0.065967,              0.0029674,              0.0029674
                      2,                 1.1825,                 1.1576,                 1.3827,                 0.7757,                0.87371,                0.86717,                0.56366,                 1.1935,                 1.0631,                 1.3528,               0.047382,              0.0033824,              0.0033824
                      3,                 1.1676,                 1.0792,                 1.3358,                0.81596,                0.87971,                0.87027,                0.57087,                 1.1869,                0.97429,                 1.3064,               0.028045,               0.003045,               0.003045
                      4,                 1.1616,                0.99484,                 1.3149,                0.82593,                0.82904,                0.85417,                0.56654,                 1.1692,                0.93579,                 1.2959,              0.0079552,              0.0019552,              0.0019552
